"1","학부","2016","2학기","전공","유아교육과","1","아동건강교육","3","1","0","김경철","금:[1][2][3]","종합교육관(404-0)"
"2","학부","2016","2학기","전공","유아교육과","1","아동발달","3","1","0","신선희","월:[8][9][10]","종합교육관(403-0)"
"3","학부","2016","2학기","전공","유아교육과","1","현대사회와유아교육","3","1","0","최연철","월:[5][6][7]","종합교육관(403-0)"
"4","학부","2016","2학기","전공","유아교육과","1","유아동작교육및실제","3","1","0","이성주","화:[7][8][9]","종합교육관(402-0)"
"5","학부","2016","2학기","전공","유아교육과","2","유아과학교육","3","1","0","박영양","수:[11][12][13]","종합교육관(404-0)"
"6","학부","2016","2학기","전공","유아교육과","2","놀이지도","3","1","0","서성미","목:[10][11][12]","종합교육관(402-0)"
"7","학부","2016","2학기","전공","유아교육과","2","부모교육론","3","1","0","김숙자","수:[1][2][3]","종합교육관(403-0)"
"8","학부","2016","2학기","전공","유아교육과","3","유아언어교육","3","1","0","노영희","목:[6][7][8][9]","종합교육관(404-0)"
"9","학부","2016","2학기","전공","유아교육과","3","아동복지","3","1","0","최연철","화:[1][2][3][4]","종합교육관(403-0)"
"10","학부","2016","2학기","전공","유아교육과","3","유아교직및교과논술","3","1","0","최연철","금:[1][2][3][4]","종합교육관(403-0)"
"11","학부","2016","2학기","전공","유아교육과","3","영아발달연구","3","1","0","김숙자","목:[1][2][3][4]","종합교육관(403-0)"
"12","학부","2016","2학기","전공","유아교육과","3","유아교육교수법","3","1","0","이수연","화:[10][11][12][13]","종합교육관(404-0)"
"13","학부","2016","2학기","전공","초등교육과","1","초등교육론","3","1","25","이주영","화:[10][11][12]","종합교육관(201-0)"
"14","학부","2016","2학기","전공","초등교육과","1","초등교육론","3","2","22","이주영","목:[10][11][12]","종합교육관(201-0)"
"15","학부","2016","2학기","전공","초등교육과","1","초등교육론","3","3","25","김동원","목:[2][3][4]","종합교육관(304-0)"
"16","학부","2016","2학기","전공","초등교육과","1","초등교육론","3","4","22","김동원","목:[10][11][12]","종합교육관(202-0)"
"17","학부","2016","2학기","전공","초등교육과","1","초등교육론","3","5","25","원덕재","목:[11][12][13]","교양학관(411-0)"
"18","학부","2016","2학기","전공","초등교육과","1","초등교육론","3","6","25","이선희","목:[10][11][12]","교양학관(412-0)"
"19","학부","2016","2학기","전공","초등교육과","1","음악실기Ⅱ","1","1","15","이남재","월:[8][9]","음악관(102-0)"
"20","학부","2016","2학기","전공","초등교육과","1","음악실기Ⅱ","1","2","15","이남재","화:[2][3]","음악관(102-0)"
"21","학부","2016","2학기","전공","초등교육과","1","음악실기Ⅱ","1","3","15","권수미","월:[6][7]","음악관(103-0)"
"22","학부","2016","2학기","전공","초등교육과","1","음악실기Ⅱ","1","4","15","권수미","화:[2][3]","음악관(103-0)"
"23","학부","2016","2학기","전공","초등교육과","1","음악실기Ⅱ","1","5","15","권수미","목:[3][4]","음악관(103-0)"
"24","학부","2016","2학기","전공","초등교육과","1","음악실기Ⅱ","1","6","15","허성희","화:[5][6]","음악관(103-0)"
"25","학부","2016","2학기","전공","초등교육과","1","음악실기Ⅱ","1","7","15","허성희","화:[7][8]","음악관(103-0)"
"26","학부","2016","2학기","전공","초등교육과","1","음악실기Ⅱ","1","8","15","조성문","월:[1][2]","음악관(102-0)"
"27","학부","2016","2학기","전공","초등교육과","1","음악실기Ⅱ","1","9","15","조성문","월:[3][4]","음악관(102-0)"
"28","학부","2016","2학기","전공","초등교육과","1","미술실기Ⅱ","1","1","17","이미정","수:[3][4]","미술관(310-0)"
"29","학부","2016","2학기","전공","초등교육과","1","미술실기Ⅱ","1","2","17","이미정","목:[3][4]","미술관(310-0)"
"30","학부","2016","2학기","전공","초등교육과","1","미술실기Ⅱ","1","3","17","이미정","목:[5][6]","미술관(310-0)"
"31","학부","2016","2학기","전공","초등교육과","1","미술실기Ⅱ","1","4","17","정현일","수:[6][7]","미술관(308-0)"
"32","학부","2016","2학기","전공","초등교육과","1","미술실기Ⅱ","1","5","17","정현일","수:[8][9]","미술관(308-0)"
"33","학부","2016","2학기","전공","초등교육과","1","미술실기Ⅱ","1","6","17","성정원","화:[3][4]","미술관(308-0)"
"34","학부","2016","2학기","전공","초등교육과","1","미술실기Ⅱ","1","7","17","성민우","수:[1][2]","미술관(310-0)"
"35","학부","2016","2학기","전공","초등교육과","1","미술실기Ⅱ","1","8","17","양희상","수:[1][2]","미술관(308-0)"
"36","학부","2016","2학기","전공","초등교육과","1","체육실기Ⅱ","1","1","15","원서영","월:[6][7]","교양학관(108-0)"
"37","학부","2016","2학기","전공","초등교육과","1","체육실기Ⅱ","1","2","15","유지영","월:[6][7]","교양학관(106-0)"
"38","학부","2016","2학기","전공","초등교육과","1","체육실기Ⅱ","1","3","15","원서영","월:[8][9]","교양학관(108-0)"
"39","학부","2016","2학기","전공","초등교육과","1","체육실기Ⅱ","1","4","15","유지영","월:[8][9]","교양학관(106-0)"
"40","학부","2016","2학기","전공","초등교육과","1","체육실기Ⅱ","1","5","15","박희진","수:[6][7]","체육관(106-0)"
"41","학부","2016","2학기","전공","초등교육과","1","체육실기Ⅱ","1","6","15","이은희","수:[6][7]","교양학관(108-0)"
"42","학부","2016","2학기","전공","초등교육과","1","체육실기Ⅱ","1","7","15","박희진","수:[8][9]","체육관(106-0)"
"43","학부","2016","2학기","전공","초등교육과","1","체육실기Ⅱ","1","8","15","이은희","수:[8][9]","교양학관(108-0)"
"44","학부","2016","2학기","전공","초등교육과","1","체육실기Ⅱ","1","9","15","원유미","금:[2][3]","교양학관(108-0)"
"45","학부","2016","2학기","전공","초등교육과","1","초등교육사","3","1","0","권동택","목:[7][8][9]","교양학관(410-0)"
"46","학부","2016","2학기","전공","초등교육과","1","현대경제의이해","3","1","0","허수미","목:[6][7][8]","종합교육관(202-0)"
"47","학부","2016","2학기","전공","초등교육과","1","초등미술교재연구Ⅱ","2","1","0","양희상","수:[3][4][5]","교육연구관(312-0)"
"48","학부","2016","2학기","전공","초등교육과","1","초등미술교재연구Ⅲ","2","1","0","하일","월:[8][9][10]","미술관(310-0)"
"49","학부","2016","2학기","전공","초등교육과","1","탁구실기및지도법","1","1","0","박대원","목:[9][10]","제2체육관(100-0)"
"50","학부","2016","2학기","전공","초등교육과","2","초등통합교과교육론","1","1","15","정광순","목:[1]","교양학관(104-0)"
"51","학부","2016","2학기","전공","초등교육과","2","초등통합교과교육론","1","2","22","정광순","목:[6]","교양학관(104-0)"
"52","학부","2016","2학기","전공","초등교육과","2","초등통합교과교육론","1","3","22","김현규","목:[1]","교양학관(411-0)"
"53","학부","2016","2학기","전공","초등교육과","2","초등통합교과교육론","1","4","22","김현규","목:[6]","교양학관(411-0)"
"54","학부","2016","2학기","전공","초등교육과","2","초등통합교과교육론","1","5","17","신태현","목:[1]","교양학관(312-0)"
"55","학부","2016","2학기","전공","초등교육과","2","초등통합교과교육론","1","6","22","신태현","목:[6]","교양학관(312-0)"
"56","학부","2016","2학기","전공","초등교육과","2","초등영어교육론","2","1","23","김장규","화:[10][11]","종합교육관(203-0)"
"57","학부","2016","2학기","전공","초등교육과","2","초등영어교육론","2","2","23","서미옥","화:[10][11]","종합교육관(202-0)"
"58","학부","2016","2학기","전공","초등교육과","2","초등영어교육론","2","3","23","서미옥","목:[10][11]","종합교육관(204-0)"
"59","학부","2016","2학기","전공","초등교육과","2","초등영어교육론","2","4","23","김영희","화:[10][11]","종합교육관(204-0)"
"60","학부","2016","2학기","전공","초등교육과","2","초등영어교육론","2","5","24","김영희","수:[6][7]","종합교육관(203-0)"
"61","학부","2016","2학기","전공","초등교육과","2","초등영어교육론","2","6","23","김영희","수:[8][9]","종합교육관(203-0)"
"62","학부","2016","2학기","전공","초등교육과","2","초등사회교육론","2","1","22","김봉석","화:[2][3]","종합교육관(202-0)"
"63","학부","2016","2학기","전공","초등교육과","2","초등사회교육론","2","2","22","김봉석","수:[2][3]","종합교육관(202-0)"
"64","학부","2016","2학기","전공","초등교육과","2","초등사회교육론","2","3","22","윤길복","수:[8][9]","교양학관(410-0)"
"65","학부","2016","2학기","전공","초등교육과","2","초등사회교육론","2","4","22","윤길복","수:[10][11]","교양학관(410-0)"
"66","학부","2016","2학기","전공","초등교육과","2","초등사회교육론","2","5","22","null","월:[6][7]","종합교육관(202-0)"
"67","학부","2016","2학기","전공","초등교육과","2","초등사회교육론","2","6","22","null","월:[8][9]","종합교육관(202-0)"
"68","학부","2016","2학기","전공","초등교육과","2","초등실과교육론","2","1","22","최지연","월:[8][9]","교양학관(103-0)"
"69","학부","2016","2학기","전공","초등교육과","2","초등실과교육론","2","2","22","고인규","화:[11][12]","교양학관(103-0)"
"70","학부","2016","2학기","전공","초등교육과","2","초등실과교육론","2","3","22","고인규","수:[11][12]","교양학관(103-0)"
"71","학부","2016","2학기","전공","초등교육과","2","초등실과교육론","2","4","22","이건남","금:[2][3]","교양학관(103-0)"
"72","학부","2016","2학기","전공","초등교육과","2","초등실과교육론","2","5","22","황동국","목:[11][12]","교양학관(103-0)"
"73","학부","2016","2학기","전공","초등교육과","2","초등실과교육론","2","6","22","길영재","수:[11][12]","교양학관(412-0)"
"74","학부","2016","2학기","전공","초등교육과","2","초등체육교육론","2","1","19","김영식","금:[1][2]","종합교육관(201-0)"
"75","학부","2016","2학기","전공","초등교육과","2","초등체육교육론","2","2","19","김영식","금:[3][4]","종합교육관(201-0)"
"76","학부","2016","2학기","전공","초등교육과","2","초등체육교육론","2","3","19","김영식","금:[5][6]","종합교육관(201-0)"
"77","학부","2016","2학기","전공","초등교육과","2","초등체육교육론","2","4","19","박재정","화:[2][3]","교양학관(312-0)"
"78","학부","2016","2학기","전공","초등교육과","2","초등체육교육론","2","5","19","박재정","수:[1][2]","교양학관(312-0)"
"79","학부","2016","2학기","전공","초등교육과","2","초등체육교육론","2","6","19","박재정","수:[3][4]","교양학관(312-0)"
"80","학부","2016","2학기","전공","초등교육과","2","초등체육교육론","2","7","19","채창목","목:[10][11]","교양학관(417-0)"
"81","학부","2016","2학기","전공","초등교육과","2","초등통합교과방법론","1","1","15","정광순","목:[2][3]","종합교육관(201-0)"
"82","학부","2016","2학기","전공","초등교육과","2","초등통합교과방법론","1","2","22","정광순","목:[7][8]","종합교육관(305-0)"
"83","학부","2016","2학기","전공","초등교육과","2","초등통합교과방법론","1","3","22","김현규","목:[2][3]","교양학관(411-0)"
"84","학부","2016","2학기","전공","초등교육과","2","초등통합교과방법론","1","4","22","김현규","목:[7][8]","교양학관(411-0)"
"85","학부","2016","2학기","전공","초등교육과","2","초등통합교과방법론","1","5","17","신태현","목:[2][3]","교양학관(312-0)"
"86","학부","2016","2학기","전공","초등교육과","2","초등통합교과방법론","1","6","22","신태현","목:[7][8]","교양학관(312-0)"
"87","학부","2016","2학기","전공","초등교육과","2","초등과학교육방법론","2","1","21","김효남","월:[1][2][3]","교양학관(209-0)"
"88","학부","2016","2학기","전공","초등교육과","2","초등과학교육방법론","2","2","21","김효남","수:[1][2][3]","교양학관(209-0)"
"89","학부","2016","2학기","전공","초등교육과","2","초등과학교육방법론","2","3","20","김효남","목:[1][2][3]","교양학관(209-0)"
"90","학부","2016","2학기","전공","초등교육과","2","초등과학교육방법론","2","4","21","김은애","월:[11][12][13]","교양학관(206-0)"
"91","학부","2016","2학기","전공","초등교육과","2","초등과학교육방법론","2","5","21","김은애","화:[1][2][3]","교양학관(206-0)"
"92","학부","2016","2학기","전공","초등교육과","2","초등과학교육방법론","2","6","18","임성만","월:[6][7][8]","교양학관(206-0)"
"93","학부","2016","2학기","전공","초등교육과","2","초등과학교육방법론","2","7","20","임성만","화:[6][7][8]","교양학관(209-0)"
"94","학부","2016","2학기","전공","초등교육과","2","음악실기심화","1","1","15","권수미","목:[1][2]","음악관(106-0)음악관(103-0)"
"95","학부","2016","2학기","전공","초등교육과","2","체육실기심화","1","1","15","박재정","금:[12][13]","제2체육관(100-0)"
"96","학부","2016","2학기","전공","초등교육과","2","체육실기심화","1","2","15","김승용","금:[12][13]","제2체육관(100-0)"
"97","학부","2016","2학기","전공","초등교육과","2","체육실기심화","1","3","15","양도업","금:[12][13]","제2체육관(100-0)"
"98","학부","2016","2학기","전공","초등교육과","2","체육실기심화","1","4","15","김진환","금:[12][13]","제2체육관(100-0)"
"99","학부","2016","2학기","전공","초등교육과","2","체육실기심화","1","5","15","김태형","금:[12][13]","제2체육관(100-0)"
"100","학부","2016","2학기","전공","초등교육과","2","체육실기심화","1","6","15","최정웅","금:[12][13]","제2체육관(100-0)"
"101","학부","2016","2학기","전공","초등교육과","2","체육실기심화","1","7","15","이지환","금:[12][13]","제2체육관(100-0)"
"102","학부","2016","2학기","전공","초등교육과","2","초등학생상담실습","3","1","0","유형근","월:[6][7][8]","종합교육관(104-0)"
"103","학부","2016","2학기","전공","초등교육과","2","사회변동과도덕교육","3","1","0","신동의","월:[1][2][3]","종합교육관(305-0)"
"104","학부","2016","2학기","전공","초등교육과","2","초등사회과교육과정연구","3","1","0","김봉석","목:[2][3][4]","종합교육관(202-0)"
"105","학부","2016","2학기","전공","초등교육과","2","설계와문제해결","2","1","0","김재원","월:[5][6][7]","교양학관(224-0)"
"106","학부","2016","2학기","전공","초등교육과","2","의생활의기초","2","1","0","박임순","수:[11][12][13]","교양학관(101-0)"
"107","학부","2016","2학기","전공","초등교육과","2","국악실기","1","1","0","최진","화:[5][6]","음악관(104-0)"
"108","학부","2016","2학기","전공","초등교육과","2","초등평면표현Ⅲ","2","1","0","이미정","화:[10][11][12]","미술관(310-0)"
"109","학부","2016","2학기","전공","초등교육과","2","초등입체표현Ⅱ","2","1","0","윤성욱","수:[11][12][13]","미술관(113-0)"
"110","학부","2016","2학기","전공","초등교육과","2","음악줄넘기실기및지도법","1","1","0","원유미","금:[4][5]","제2체육관(100-0)"
"111","학부","2016","2학기","전공","초등교육과","2","육상실기및지도법","1","1","0","김경래","월:[5][6]","체육관(111-0)"
"112","학부","2016","2학기","전공","초등교육과","2","축구실기및지도법","1","1","0","박재정","화:[7][8]","교양학관(417-0)"
"113","학부","2016","2학기","전공","초등교육과","3","초등국어교육방법론","3","1","22","이경화","화:[2][3][4]목:[0]","종합교육관(204-0)"
"114","학부","2016","2학기","전공","초등교육과","3","초등국어교육방법론","3","2","22","이경화","화:[6][7][8][9]","종합교육관(204-0)"
"115","학부","2016","2학기","전공","초등교육과","3","초등국어교육방법론","3","3","22","김상한","월:[6][7][8]화:[1]","종합교육관(204-0)"
"116","학부","2016","2학기","전공","초등교육과","3","초등국어교육방법론","3","4","22","천효정","목:[6][7][8][9]","종합교육관(204-0)"
"117","학부","2016","2학기","전공","초등교육과","3","초등국어교육방법론","3","5","22","신선희","목:[1][2][3][4]","종합교육관(203-0)"
"118","학부","2016","2학기","전공","초등교육과","3","초등국어교육방법론","3","6","22","천효정","목:[1][2][3][4]","종합교육관(204-0)"
"119","학부","2016","2학기","전공","초등교육과","3","교실영어교육","2","1","10","joanne","수:[2][3][4]","종합교육관(201-0)"
"120","학부","2016","2학기","전공","초등교육과","3","교실영어교육","2","2","10","joanne","목:[2][3][4]","종합교육관(305-0)"
"121","학부","2016","2학기","전공","초등교육과","3","교실영어교육","2","3","10","joanne","금:[2][3][4]","종합교육관(305-0)"
"122","학부","2016","2학기","전공","초등교육과","3","교실영어교육","2","4","10","carl","월:[2][3][4]","교양학관(412-0)"
"123","학부","2016","2학기","전공","초등교육과","3","교실영어교육","2","5","10","carl","수:[2][3][4]","교양학관(412-0)"
"124","학부","2016","2학기","전공","초등교육과","3","초등도덕교육방법론","2","1","22","임병덕","월:[1][2][3][4]","종합교육관(304-0)"
"125","학부","2016","2학기","전공","초등교육과","3","초등도덕교육방법론","2","2","22","박영주","목:[10][11][12][13]","종합교육관(304-0)"
"126","학부","2016","2학기","전공","초등교육과","3","초등도덕교육방법론","2","3","22","곽영근","목:[10][11][12][13]","종합교육관(305-0)"
"127","학부","2016","2학기","전공","초등교육과","3","초등도덕교육방법론","2","4","22","정선정","월:[10][11][12][13]","종합교육관(304-0)"
"128","학부","2016","2학기","전공","초등교육과","3","초등도덕교육방법론","2","5","22","이철주","목:[10][11][12][13]","교양학관(416-0)"
"129","학부","2016","2학기","전공","초등교육과","3","초등도덕교육방법론","2","6","22","안병웅","수:[1][2][3][4]","종합교육관(304-0)"
"130","학부","2016","2학기","전공","초등교육과","3","초등수학교육방법론","3","1","22","방정숙","월:[5][6][7][8]","종합교육관(305-0)"
"131","학부","2016","2학기","전공","초등교육과","3","초등수학교육방법론","3","2","22","이광호","화:[1][2][3][4]","응용과학관(417-0)"
"132","학부","2016","2학기","전공","초등교육과","3","초등수학교육방법론","3","3","22","이광호","수:[1][2][3][4]","응용과학관(402-0)"
"133","학부","2016","2학기","전공","초등교육과","3","초등수학교육방법론","3","4","22","권미선","수:[10][11][12][13]","종합교육관(305-0)"
"134","학부","2016","2학기","전공","초등교육과","3","초등수학교육방법론","3","5","22","박영은","수:[6][7][8][9]","종합교육관(104-0)"
"135","학부","2016","2학기","전공","초등교육과","3","초등수학교육방법론","3","6","22","박영은","수:[10][11][12][13]","종합교육관(104-0)"
"136","학부","2016","2학기","전공","초등교육과","3","초등음악교육방법론","2","1","22","승윤희","월:[6][7]목:[2][3]","음악관(305-0)음악관(110-0)"
"137","학부","2016","2학기","전공","초등교육과","3","초등음악교육방법론","2","2","22","승윤희","화:[2][3][4][5]","음악관(305-0)교양학관(416-0)"
"138","학부","2016","2학기","전공","초등교육과","3","초등음악교육방법론","2","3","22","장지원","화:[2][3]금:[3][4]","교양학관(416-0)음악관(305-0)"
"139","학부","2016","2학기","전공","초등교육과","3","초등음악교육방법론","2","4","22","장지원","화:[6][7]금:[5][6]","교양학관(416-0)음악관(305-0)"
"140","학부","2016","2학기","전공","초등교육과","3","초등음악교육방법론","2","5","22","이수진","목:[5][6][7][8]","음악관(305-0)음악관(110-0)"
"141","학부","2016","2학기","전공","초등교육과","3","초등음악교육방법론","2","6","22","승윤희","수:[6][7]목:[5][6]","음악관(305-0)음악관(110-0)"
"142","학부","2016","2학기","전공","초등교육과","3","초등미술교육방법론","2","1","22","이재영","화:[5][6][7][8]","교양학관(412-0)"
"143","학부","2016","2학기","전공","초등교육과","3","초등미술교육방법론","2","2","22","이재영","수:[5][6][7][8]","미술관(202-0)"
"144","학부","2016","2학기","전공","초등교육과","3","초등미술교육방법론","2","3","22","이재영","목:[5][6][7][8]","미술관(202-0)"
"145","학부","2016","2학기","전공","초등교육과","3","초등미술교육방법론","2","4","22","이지연","월:[6][7][8][9]","교양학관(411-0)"
"146","학부","2016","2학기","전공","초등교육과","3","초등미술교육방법론","2","5","22","이지연","수:[6][7][8][9]","교양학관(411-0)"
"147","학부","2016","2학기","전공","초등교육과","3","초등미술교육방법론","2","6","22","이지연","금:[6][7][8][9]","교양학관(411-0)"
"148","학부","2016","2학기","전공","초등교육과","3","초등교수학습","3","1","0","강충열","목:[6][7][8][9]","종합교육관(201-0)"
"149","학부","2016","2학기","전공","초등교육과","3","표준발음·정서법이해","3","1","0","최규홍","목:[10][11][12][13]","교양학관(410-0)"
"150","학부","2016","2학기","전공","초등교육과","3","읽기교육이론및실제","3","1","0","null","목:[1][2][3][4]","교양학관(417-0)"
"151","학부","2016","2학기","전공","초등교육과","3","초등영어교수법","3","1","0","김영희","목:[5][6][7][8]","교양학관(412-0)"
"152","학부","2016","2학기","전공","초등교육과","3","초등영어교재연구","3","1","0","이재근","화:[6][7][8]수:[0]","종합교육관(203-0)"
"153","학부","2016","2학기","전공","초등교육과","3","초등역사교육연구","3","1","0","김봉석","금:[1][2][3][4]","종합교육관(202-0)"
"154","학부","2016","2학기","전공","초등교육과","3","초등기하학","3","1","0","윤종국","월:[6][7][8][9]","응용과학관(402-0)"
"155","학부","2016","2학기","전공","초등교육과","3","초등수학교육과교수매체","3","1","0","이지영","수:[10][11][12][13]","종합교육관(202-0)"
"156","학부","2016","2학기","전공","초등교육과","3","진로교육의기초","3","1","0","이건남","목:[1][2][3]","교양학관(103-0)"
"157","학부","2016","2학기","전공","초등교육과","3","실과교재연구","3","1","0","이건남","목:[6][7][8][9]","교양학관(103-0)"
"158","학부","2016","2학기","전공","초등교육과","3","음악전공실기Ⅱ","1","1","0","김문화","토:[1]","음악관(102-0)"
"159","학부","2016","2학기","전공","초등교육과","3","음악전공실기Ⅱ","1","2","0","권성순","토:[1][2]","음악관(103-0)"
"160","학부","2016","2학기","전공","초등교육과","3","음악전공실기Ⅱ","1","9","0","최진","목:[0]","음악관(104-0)"
"161","학부","2016","2학기","전공","초등교육과","3","음악이론심화","2","1","0","이수진","목:[7][8][9]","음악관(305-0)"
"162","학부","2016","2학기","전공","초등교육과","3","서양음악사","1","1","0","이남재","수:[8][9][10]","음악관(305-0)"
"163","학부","2016","2학기","전공","초등교육과","3","초등평면표현Ⅴ","2","1","0","양희상","수:[6][7][8][9]","미술관(310-0)"
"164","학부","2016","2학기","전공","초등교육과","3","체육원리","2","1","0","이철화","월:[0][1][2]","체육관(304-0)"
"165","학부","2016","2학기","전공","초등교육과","3","야외교육","1","1","0","김영식","수:[11][12][13]","종합교육관(304-0)"
"166","학부","2016","2학기","전공","초등교육과","3","배드민턴실기및지도법","1","1","0","이지환","월:[11][12][13]","제2체육관(100-0)"
"167","학부","2016","2학기","전공","초등교육과","3","스노보드실기및지도법","1","1","0","이계석","금:[11][12][13]","제2체육관(100-0)"
"168","학부","2016","2학기","전공","초등교육과","3","배구실기및지도법","1","1","0","안수운","수:[11][12]","제2체육관(100-0)"
"169","학부","2016","2학기","전공","초등교육과","4","초등교직및교과논술특강","2","1","0","권동택","월:[5][6][7]","교양학관(104-0)"
"170","학부","2016","2학기","전공","초등교육과","4","창의적체험활동","1","1","22","이한나","목:[2]","종합교육관(104-0)"
"171","학부","2016","2학기","전공","초등교육과","4","창의적체험활동","1","2","22","이한나","목:[3]","종합교육관(104-0)"
"172","학부","2016","2학기","전공","초등교육과","4","창의적체험활동","1","3","22","이한나","목:[6]","종합교육관(104-0)"
"173","학부","2016","2학기","전공","초등교육과","4","창의적체험활동","1","4","22","이한나","목:[7]","종합교육관(104-0)"
"174","학부","2016","2학기","전공","초등교육과","4","창의적체험활동","1","5","22","이한나","목:[8]","종합교육관(104-0)"
"175","학부","2016","2학기","전공","초등교육과","4","창의적체험활동","1","6","22","이한나","목:[9]","종합교육관(104-0)"
"176","학부","2016","2학기","전공","초등교육과","4","쓰기교육이론및실제","3","1","0","null","화:[2][3][4]","종합교육관(201-0)"
"177","학부","2016","2학기","전공","초등교육과","4","초등영어교육과정","2","1","0","김영희","수:[10][11][12]","종합교육관(203-0)"
"178","학부","2016","2학기","전공","초등교육과","4","초등영어교육자료개발","2","1","0","이재근","금:[6][7][8]","종합교육관(203-0)"
"179","학부","2016","2학기","전공","초등교육과","4","초등인성교육론","3","1","0","임병덕","수:[6][7][8][9]","종합교육관(304-0)"
"180","학부","2016","2학기","전공","초등교육과","4","초등사회과수업·평가연구","3","1","0","남상준","화:[6][7][8]","종합교육관(202-0)"
"181","학부","2016","2학기","전공","초등교육과","4","초등수학수업이해","3","1","0","방정숙","수:[2][3]금:[1]","종합교육관(305-0)"
"182","학부","2016","2학기","전공","초등교육과","4","초등과학교재연구","3","1","0","양일호","수:[7][8][9]","교양학관(206-0)"
"183","학부","2016","2학기","전공","초등교육과","4","생물탐구","2","1","0","권용주","화:[5][6][7]","자연과학관(128-0)"
"184","학부","2016","2학기","전공","초등교육과","4","지구과학탐구","2","1","0","임성만","수:[1][2][3]","교양학관(206-0)"
"185","학부","2016","2학기","전공","초등교육과","4","생활원예","2","1","0","최지연","수:[6][7][8]","교양학관(224-0)"
"186","학부","2016","2학기","전공","초등교육과","4","국악지도법","1","1","0","정미영","목:[7][8]","교양학관(417-0)"
"187","학부","2016","2학기","전공","초등교육과","4","감상지도법","2","1","0","승윤희","월:[8][9]","음악관(305-0)"
"188","학부","2016","2학기","전공","초등교육과","1,2","기초화학및실험","3","1","0","유선아","화:[6][7]금:[2][3]","자연과학관(234-0)자연과학관(335-0)"
"189","학부","2016","2학기","전공","교육학과","1","평생교육론","3","1","0","김한별","목:[2][3][4]","인문과학관(327-0)"
"190","학부","2016","2학기","전공","교육학과","1","교육심리학","3","1","0","이우걸","화:[6][7][8]","인문과학관(103-0)"
"191","학부","2016","2학기","전공","교육학과","1","생활지도및상담","3","1","0","김희정","화:[1][2][3]","인문과학관(327-0)"
"192","학부","2016","2학기","전공","교육학과","2","교육학교과교육론","3","1","0","최성욱","월:[2][3][4]","인문과학관(327-0)"
"193","학부","2016","2학기","전공","교육학과","2","교육철학","3","1","10","고영준","월:[7][8][9]","인문과학관(110-0)"
"194","학부","2016","2학기","전공","교육학과","2","교육평가","3","1","0","유진은","화:[6][7][8]","인문과학관(224-0)"
"195","학부","2016","2학기","전공","교육학과","2","교육행정학","3","1","0","김갑성","수:[2][3][4]","인문과학관(327-0)"
"196","학부","2016","2학기","전공","교육학과","2","교육공학","3","1","0","김현진","목:[6][7][8]","인문과학관(327-0)"
"197","학부","2016","2학기","전공","교육학과","3","교육학교과논리와논술","3","1","0","이승은","목:[6][7][8][9]","인문과학관(105-0)"
"198","학부","2016","2학기","전공","교육학과","3","이러닝교육론","3","1","0","이영주","월:[6][7][8][9]","인문과학관(122-0)"
"199","학부","2016","2학기","전공","교육학과","4","한국교육사","3","1","0","김경용","수:[6][7][8]","인문과학관(327-0)"
"200","학부","2016","2학기","전공","국어교육과","1,2","국어교육론","3","1","25","최숙기","수:[2][3]목:[0]","인문과학관(113-0)"
"201","학부","2016","2학기","전공","국어교육과","1,2","국어교육론","3","2","50","박찬흥","월:[11][12][13]","인문과학관(221-0)"
"202","학부","2016","2학기","전공","국어교육과","1,2","국어과교재연구및지도법","3","1","25","최숙기","화:[6][7][8]","인문과학관(220-0)"
"203","학부","2016","2학기","전공","국어교육과","1,2","국어과교재연구및지도법","3","2","50","장은주","월:[6][7][8]","인문과학관(220-0)"
"204","학부","2016","2학기","전공","국어교육과","1,2","국문학개론","3","1","50","권순회","목:[6][7][8]","인문과학관(220-0)"
"205","학부","2016","2학기","전공","국어교육과","1,2","국문학개론","3","2","50","권순회","목:[1][2][3]","인문과학관(222-0)"
"206","학부","2016","2학기","전공","국어교육과","1,2","국어문법론","3","1","40","조일영","수:[1][2][3]","인문과학관(221-0)"
"207","학부","2016","2학기","전공","국어교육과","1,2","국어음운론","3","1","50","이동석","화:[2][3]금:[1]","인문과학관(113-0)"
"208","학부","2016","2학기","전공","국어교육과","1,2","국어정서법","3","1","55","이동석","화:[5]목:[6][7]","인문과학관(221-0)"
"209","학부","2016","2학기","전공","국어교육과","1,2","한국현대시론","3","1","40","임수만","월:[1][2][3]","인문과학관(222-0)"
"210","학부","2016","2학기","전공","국어교육과","1,2","문예비평론","3","1","40","나병철","수:[6][7][8]","인문과학관(222-0)"
"211","학부","2016","2학기","전공","국어교육과","3,4","국어과논리논술","3","1","45","박영민","수:[6][7][8][9]","인문과학관(221-0)"
"212","학부","2016","2학기","전공","국어교육과","3,4","국어과논리논술","3","2","50","박찬흥","목:[10][11][12][13]","인문과학관(221-0)"
"213","학부","2016","2학기","전공","국어교육과","3,4","국어교육세미나","3","1","25","박영민","월:[6][7][8]목:[0]","인문과학관(221-0)"
"214","학부","2016","2학기","전공","국어교육과","3,4","고전문학교육론","3","1","0","김왕규","화:[3][4]목:[3][4]","인문과학관(104-0)"
"215","학부","2016","2학기","전공","국어교육과","3,4","현대문학교육론","3","1","40","임수만","목:[1][2][3]금:[0]","인문과학관(113-0)"
"216","학부","2016","2학기","전공","국어교육과","3,4","근세시가론","3","1","50","권순회","월:[6][7][8]수:[0]","인문과학관(222-0)"
"217","학부","2016","2학기","전공","국어교육과","3,4","중세국어강독","3","1","50","박형우","수:[1][2]금:[1][2]","인문과학관(220-0)"
"218","학부","2016","2학기","전공","국어교육과","3,4","한국현대문학강독","3","1","40","나병철","목:[7][8][9]금:[8]","인문과학관(222-0)"
"219","학부","2016","2학기","전공","국어교육과","3,4","국어학세미나","3","1","50","윤천탁","수:[6][7]목:[1][2]","인문과학관(104-0)"
"220","학부","2016","2학기","전공","영어교육과","1","영어회화","3","1","28","Ericcote","금:[5][6][7]","인문과학관(232-0)"
"221","학부","2016","2학기","전공","영어교육과","1","영어회화","3","2","28","Ericcote","목:[6][7][8]","인문과학관(232-0)"
"222","학부","2016","2학기","전공","영어교육과","1","영어학개론","3","1","28","이상기","화:[2][3][4]","인문과학관(233-0)"
"223","학부","2016","2학기","전공","영어교육과","1","영어듣기","3","1","28","bryan","금:[5][6][7]","인문과학관(123-0)"
"224","학부","2016","2학기","전공","영어교육과","2","영어교수법","3","1","18","민찬규","수:[2][3][4]","인문과학관(231-0)"
"225","학부","2016","2학기","전공","영어교육과","2","영어교수법","3","2","18","민찬규","월:[6][7][8]","인문과학관(231-0)"
"226","학부","2016","2학기","전공","영어교육과","2","멀티미디어영어교육","3","1","18","이동주","수:[2][3][4]","인문과학관(232-0)"
"227","학부","2016","2학기","전공","영어교육과","2","영어작문","3","1","18","JudyYin","화:[2][3][4]","인문과학관(232-0)"
"228","학부","2016","2학기","전공","영어교육과","2","영어작문","3","2","18","bryan","월:[1][2][3]","인문과학관(123-0)"
"229","학부","2016","2학기","전공","영어교육과","2","영어작문","3","3","18","bryan","화:[5][6][7]","인문과학관(123-0)"
"230","학부","2016","2학기","전공","영어교육과","2","영어문법","3","1","28","김지혜","목:[2][3][4]","인문과학관(233-0)"
"231","학부","2016","2학기","전공","영어교육과","2","영미시와영어교육","3","1","18","김경한","수:[6][7][8]","인문과학관(233-0)"
"232","학부","2016","2학기","전공","영어교육과","3","영문학개론","3","1","18","박성수","목:[6][7][8][9]","인문과학관(231-0)"
"233","학부","2016","2학기","전공","영어교육과","3","영문학개론","3","2","18","박두현","목:[1][2][3][4]","인문과학관(231-0)"
"234","학부","2016","2학기","전공","영어교육과","3","영어말하기지도법","3","1","18","JudyYin","월:[1][2][3][4]","인문과학관(231-0)"
"235","학부","2016","2학기","전공","영어교육과","3","영미드라마와영어교육","3","1","18","박두현","수:[6][7][8][9]","인문과학관(232-0)"
"236","학부","2016","2학기","전공","영어교육과","3","영어의미의이해","3","1","18","이상기","월:[6][7][8][9]","인문과학관(232-0)"
"237","학부","2016","2학기","전공","영어교육과","4","영어학특강","3","1","18","김지혜","금:[2][3][4]","인문과학관(233-0)"
"238","학부","2016","2학기","전공","영어교육과","4","영어인터뷰","3","1","18","Ericcote","목:[1][2][3]","인문과학관(103-0)"
"239","학부","2016","2학기","전공","독어교육과","1","독일어권문화","3","1","0","강태호","월:[6][7]수:[0]","인문과학관(328-0)"
"240","학부","2016","2학기","전공","독어교육과","1","독일어작문Ⅰ","3","1","0","박현선","화:[8][9][10]","인문과학관(328-0)"
"241","학부","2016","2학기","전공","독어교육과","1","독일어듣기연습Ⅰ","3","1","0","schlottman","월:[1][2]수:[1]","인문과학관(122-0)"
"242","학부","2016","2학기","전공","독어교육과","1","독일어읽기연습Ⅰ","3","1","0","schlottman","월:[3]수:[2][3]","인문과학관(122-0)"
"243","학부","2016","2학기","전공","독어교육과","1","독일어텍스트이해Ⅱ","3","1","0","남운","화:[5][6][7]","인문과학관(328-0)"
"244","학부","2016","2학기","전공","독어교육과","2","독일어권문학개론","3","1","0","남운","목:[5][6][7]","인문과학관(110-0)"
"245","학부","2016","2학기","전공","독어교육과","2","독일어강독","3","1","0","권민재","월:[0]화:[6][7]","인문과학관(110-0)"
"246","학부","2016","2학기","전공","독어교육과","2","독일어회화Ⅰ","3","1","0","schlottman","화:[1][2][3]","인문과학관(122-0)"
"247","학부","2016","2학기","전공","독어교육과","3","독일어교재연구","3","1","0","박현선","목:[5][6][7]금:[0]","인문과학관(122-0)"
"248","학부","2016","2학기","전공","독어교육과","3","독일소설의이해","3","1","0","강태호","화:[2][3]목:[2][3]","인문과학관(328-0)"
"249","학부","2016","2학기","전공","불어교육과","1","프랑스어문법Ⅱ","3","1","0","한정길","수:[5]목:[1][2]","인문과학관(111-0)인문과학관(329-0)"
"250","학부","2016","2학기","전공","불어교육과","1","생활프랑스어","3","1","0","jean","목:[5][6][7]","인문과학관(111-0)"
"251","학부","2016","2학기","전공","불어교육과","1","프랑스어강독","3","1","0","권오용","월:[8][9]목:[11]","인문과학관(329-0)"
"252","학부","2016","2학기","전공","불어교육과","1","프랑스작품선","3","1","0","김종우","월:[3][4]목:[3]","인문과학관(329-0)"
"253","학부","2016","2학기","전공","불어교육과","2","프랑스어권문화","3","1","0","전경준","화:[2]목:[5][6]","인문과학관(443-0)"
"254","학부","2016","2학기","전공","불어교육과","2","프랑스문학개론","3","1","0","권오용","월:[5][6][7]","인문과학관(329-0)"
"255","학부","2016","2학기","전공","불어교육과","2","프랑스어회화Ⅱ","3","1","0","jean","월:[2][3]목:[3]","인문과학관(111-0)"
"256","학부","2016","2학기","전공","불어교육과","3","프랑스어교재론","3","1","0","최이정","수:[1][2][3][4]","인문과학관(111-0)"
"257","학부","2016","2학기","전공","불어교육과","3","시사프랑스어","3","1","0","jean","화:[2][3]금:[2][3]","인문과학관(111-0)"
"258","학부","2016","2학기","전공","중국어교육과","1","한문강독","3","1","0","김준수","화:[7][8]목:[8]","인문과학관(118-0)"
"259","학부","2016","2학기","전공","중국어교육과","1","중국어회화II","3","1","0","공범련","화:[6]목:[6][7]","인문과학관(118-0)"
"260","학부","2016","2학기","전공","중국어교육과","1","중국문학산책","3","1","0","김도경","화:[1][2][3]","종합교육관(314-0)"
"261","학부","2016","2학기","전공","중국어교육과","2","중국어문법I","3","1","0","김석영","화:[1][2][3]","인문과학관(442-0)"
"262","학부","2016","2학기","전공","중국어교육과","2","중국문학개론","3","1","0","김도경","금:[1][2][3]","인문과학관(118-0)"
"263","학부","2016","2학기","전공","중국어교육과","2","시청각중국어","3","1","0","공범련","화:[7][8]목:[5]","종합교육관(205-0)인문과학관(118-0)"
"264","학부","2016","2학기","전공","윤리교육과","1,2","도덕과교육론","3","1","0","박병기","수:[2][3][4]","종합교육관(314-0)"
"265","학부","2016","2학기","전공","윤리교육과","1,2","도덕심리학","3","1","0","김국현","월:[5][6][7]","종합교육관(207-0)"
"266","학부","2016","2학기","전공","윤리교육과","1,2","현대윤리학의동향","3","1","0","류지한","화:[5][6][7]","종합교육관(207-0)"
"267","학부","2016","2학기","전공","윤리교육과","1,2","동양철학사","3","1","0","김진근","목:[5][6][7]","종합교육관(315-0)"
"268","학부","2016","2학기","전공","윤리교육과","1,2","정치철학","3","1","0","김주휘","목:[1][2][3]","종합교육관(315-0)"
"269","학부","2016","2학기","전공","윤리교육과","1,2","동양윤리고전강독","3","1","0","김진근","금:[1][2][3]","종합교육관(315-0)"
"270","학부","2016","2학기","전공","윤리교육과","3,4","도덕과교재론","3","1","0","김국현","화:[10][11][12][13]","종합교육관(314-0)"
"271","학부","2016","2학기","전공","윤리교육과","3,4","비교윤리학","3","1","0","박병기","목:[1][2][3][4]","종합교육관(314-0)"
"272","학부","2016","2학기","전공","윤리교육과","3,4","서양근현대철학","3","1","0","김주휘","화:[6][7][8][9]","종합교육관(314-0)"
"273","학부","2016","2학기","전공","윤리교육과","3,4","국제문제와윤리","3","1","0","박정원","목:[5][6][7][8]","종합교육관(314-0)"
"274","학부","2016","2학기","전공","윤리교육과","3,4","통일연구특강","3","1","0","박정원","수:[7][8][9][10]","종합교육관(207-0)"
"275","학부","2016","2학기","전공","윤리교육과","3,4","서양윤리고전강독","3","1","35","류지한","수:[1][2][3][4]","종합교육관(315-0)"
"276","학부","2016","2학기","전공","일반사회교육과","1","정치와사회","3","1","0","박상영","화:[5][6][7]","종합교육관(514-0)"
"277","학부","2016","2학기","전공","일반사회교육과","1","경제와사회","3","1","0","박도영","수:[5][6][7]","종합교육관(206-0)"
"278","학부","2016","2학기","전공","일반사회교육과","1","인간심리의이해","3","1","0","김지경","월:[8][9][10]","종합교육관(514-0)"
"279","학부","2016","2학기","전공","일반사회교육과","2","일반사회교수론","3","1","0","허수미","화:[5][6][7]","종합교육관(206-0)"
"280","학부","2016","2학기","전공","일반사회교육과","2","문화와사회","3","1","0","정재훈","수:[1][2][3]","종합교육관(205-0)"
"281","학부","2016","2학기","전공","일반사회교육과","2","일반사회교육과신매체","3","1","0","손병노","수:[8][9][10]","교육연구관(312-0)"
"282","학부","2016","2학기","전공","일반사회교육과","2","미시경제학","3","1","0","박도영","목:[5][6][7]","종합교육관(206-0)"
"283","학부","2016","2학기","전공","일반사회교육과","3","사회과학방법론","3","1","0","김지경","수:[1][2][3]금:[0]","종합교육관(514-0)"
"284","학부","2016","2학기","전공","일반사회교육과","3","민법총칙","3","1","0","정필운","목:[8][9][10]","종합교육관(206-0)"
"285","학부","2016","2학기","전공","일반사회교육과","4","일반사회교육특강","3","1","0","손병노","금:[2][3][4]","종합교육관(514-0)"
"286","학부","2016","2학기","전공","일반사회교육과","4","법학특강","3","1","25","정필운","금:[11][12][13]","종합교육관(205-0)"
"287","학부","2016","2학기","전공","지리교육과","1","세계지리","3","1","27","조헌","화:[11][12][13]","종합교육관(208-0)"
"288","학부","2016","2학기","전공","지리교육과","1","한국지리특강및실습","3","1","26","김걸","화:[6][7][8][9]","종합교육관(110-0)"
"289","학부","2016","2학기","전공","지리교육과","2","지도학및실습","3","1","22","김영훈","수:[1][2][3][4]","종합교육관(112-0)"
"290","학부","2016","2학기","전공","지리교육과","2","제3세계의이해","3","1","25","류제헌","화:[1][2][3]","종합교육관(111-0)"
"291","학부","2016","2학기","전공","지리교육과","3","지리과교재론","3","1","25","권정화","화:[1][2][3][4]","종합교육관(112-0)"
"292","학부","2016","2학기","전공","지리교육과","3","도시지리학","3","1","25","김걸","수:[1][2][3][4]","종합교육관(110-0)"
"293","학부","2016","2학기","전공","지리교육과","3","기후지형학","3","1","27","이민부","수:[6][7][8][9]","종합교육관(112-0)"
"294","학부","2016","2학기","전공","지리교육과","3","환경지리학","3","1","25","이민부","화:[6][7][8][9]","종합교육관(111-0)"
"295","학부","2016","2학기","전공","역사교육과","1","역사학개론","3","1","45","김용우","화:[5][6][7]","종합교육관(413-0)"
"296","학부","2016","2학기","전공","역사교육과","1","동아시아의역사와문화","3","1","30","이병인","수:[5][6][7]","종합교육관(413-0)"
"297","학부","2016","2학기","전공","역사교육과","1","한국사개론","3","1","45","이병희","목:[5]금:[2][3]","종합교육관(413-0)"
"298","학부","2016","2학기","전공","역사교육과","2","역사교육론","3","1","45","김한종","화:[1][2][3]","종합교육관(414-0)"
"299","학부","2016","2학기","전공","역사교육과","2","동아시아중세사","3","1","35","김은숙","목:[1][2][3]","종합교육관(414-0)"
"300","학부","2016","2학기","전공","역사교육과","2","답사의이론과실제","3","1","35","송호정","월:[2][3]금:[2][3]","종합교육관(209-0)"
"301","학부","2016","2학기","전공","역사교육과","2","한국사사료강독","3","1","35","이용기","화:[5][6][7]","종합교육관(209-0)"
"302","학부","2016","2학기","전공","역사교육과","2","한국중세사","3","1","35","이병희","수:[1][2][3]","종합교육관(413-0)"
"303","학부","2016","2학기","전공","역사교육과","2","서양중세사","3","1","35","김용우","목:[5][6][7]","종합교육관(414-0)"
"304","학부","2016","2학기","전공","역사교육과","3","역사과교수법","3","1","35","김한종","월:[1][2][3][4]","종합교육관(414-0)"
"305","학부","2016","2학기","전공","역사교육과","3","서양근대사","3","1","35","김용우","수:[1][2][3][4]","종합교육관(209-0)"
"306","학부","2016","2학기","전공","역사교육과","3","일본사","3","1","35","박재용","수:[6][7][8][9]","종합교육관(414-0)"
"307","학부","2016","2학기","전공","역사교육과","3","한국근대사","3","1","35","이용기","월:[6][7]목:[6][7]","종합교육관(413-0)"
"308","학부","2016","2학기","전공","역사교육과","3","동아시아근대사","3","1","35","이병인","월:[0]화:[1][2][3]","종합교육관(413-0)"
"309","학부","2016","2학기","전공","역사교육과","4","한국사학사","3","1","35","송호정","화:[5][6][7]","종합교육관(414-0)"
"310","학부","2016","2학기","전공","공통사회교육전공","3","인간과사회","3","1","0","정재훈","수:[11][12][13]","종합교육관(206-0)"
"311","학부","2016","2학기","전공","수학교육과","1","미적분학및연습Ⅱ","3","1","30","전현근","목:[6][7]금:[3][4]","응용과학관(408-0)"
"312","학부","2016","2학기","전공","수학교육과","1","미적분학및연습Ⅱ","3","2","30","전현근","목:[8][9]금:[1][2]","응용과학관(408-0)"
"313","학부","2016","2학기","전공","수학교육과","1","이산수학","3","1","35","이재학","수:[1][2][3]","응용과학관(408-0)"
"314","학부","2016","2학기","전공","수학교육과","1","현대기하학","3","1","35","전현근","목:[1][2][3]","응용과학관(229-0)"
"315","학부","2016","2학기","전공","수학교육과","2","수학교육공학","3","1","20","신재홍","화:[6][7]수:[8]","응용과학관(202-0)응용과학관(421-0)"
"316","학부","2016","2학기","전공","수학교육과","2","수학교육교재연구","3","1","20","이수진","수:[6]목:[6][7]","응용과학관(206-0)"
"317","학부","2016","2학기","전공","수학교육과","2","수학교육교재연구","3","2","20","이수진","수:[7]목:[8][9]","응용과학관(206-0)"
"318","학부","2016","2학기","전공","수학교육과","2","현대대수학Ⅰ","3","1","35","이기석","월:[2][3]금:[2]","응용과학관(417-0)"
"319","학부","2016","2학기","전공","수학교육과","2","해석학Ⅱ","3","1","20","신인선","월:[5][6][7]","응용과학관(417-0)"
"320","학부","2016","2학기","전공","수학교육과","2","해석학Ⅱ","3","2","20","신인선","월:[8][9]화:[0]","응용과학관(417-0)"
"321","학부","2016","2학기","전공","수학교육과","4","응용수학및실습Ⅱ","3","1","30","김원경","화:[6][7][8][9]","응용과학관(408-0)"
"322","학부","2016","2학기","전공","수학교육과","3,4","확률.통계학Ⅰ","3","1","25","김원경","수:[6][7]목:[2][3]","응용과학관(419-0)"
"323","학부","2016","2학기","전공","수학교육과","3,4","위상수학Ⅰ","3","1","20","윤종국","화:[6][7]목:[6][7]","응용과학관(419-0)"
"324","학부","2016","2학기","전공","수학교육과","3,4","위상수학Ⅰ","3","2","20","성찬영","화:[8][9]목:[8][9]","응용과학관(419-0)"
"325","학부","2016","2학기","전공","수학교육과","3,4","미분기하학Ⅱ","3","1","25","성찬영","월:[8][9]수:[8][9]","응용과학관(419-0)"
"326","학부","2016","2학기","전공","물리교육과","1","일반물리학Ⅱ","3","1","0","최혁준","월:[6]수:[8][9]","자연과학관(441-0)"
"327","학부","2016","2학기","전공","물리교육과","1","일반물리학Ⅱ연습","1","1","0","최혁준","월:[7]","자연과학관(441-0)"
"328","학부","2016","2학기","전공","물리교육과","1","일반물리학실험Ⅱ","1","1","0","최혁준","수:[2][3]","자연과학관(406-0)"
"329","학부","2016","2학기","전공","물리교육과","2","현대물리학Ⅰ","3","1","0","류광수","화:[7][8]목:[5]","자연과학관(441-0)"
"330","학부","2016","2학기","전공","물리교육과","2","수리물리학Ⅱ","3","1","0","윤성현","월:[5]목:[6][7]","자연과학관(441-0)"
"331","학부","2016","2학기","전공","물리교육과","2","역학Ⅱ","3","1","0","류광수","화:[3]수:[2][3]","자연과학관(440-0)"
"332","학부","2016","2학기","전공","물리교육과","2","파동과진동","3","1","0","김중복","월:[7]수:[8][9]","자연과학관(440-0)"
"333","학부","2016","2학기","전공","물리교육과","3,4","물리논술교육및지도법","3","1","0","강남화","화:[8][9]목:[2][3]","교육연구관(311-0)"
"334","학부","2016","2학기","전공","물리교육과","3,4","전자기학Ⅱ","3","1","0","김현주","화:[2][3]수:[2][3]","자연과학관(441-0)"
"335","학부","2016","2학기","전공","물리교육과","3,4","양자물리학Ⅱ","3","1","0","윤성현","화:[5][6]금:[2][3]","자연과학관(440-0)"
"336","학부","2016","2학기","전공","물리교육과","3,4","물리교육세미나","3","1","0","김현주","월:[8]수:[5][6]","자연과학관(440-0)"
"337","학부","2016","2학기","전공","화학교육과","1","일반화학Ⅱ","3","1","0","박용남","월:[2][3]수:[2]","자연과학관(330-0)"
"338","학부","2016","2학기","전공","화학교육과","1","일반화학실험Ⅱ","1","1","0","양성호","화:[5][6]","자연과학관(335-0)"
"339","학부","2016","2학기","전공","화학교육과","1","일반화학연습Ⅱ","1","1","0","박용남","수:[3]","자연과학관(330-0)"
"340","학부","2016","2학기","전공","화학교육과","1","화학수학","2","1","0","송기형","화:[7][8][9]","자연과학관(337-0)"
"341","학부","2016","2학기","전공","화학교육과","2","무기화학Ⅰ","3","1","0","유태수","금:[5][6][7]","자연과학관(330-0)"
"342","학부","2016","2학기","전공","화학교육과","2","분석화학I","3","1","0","박용남","화:[7]목:[8][9]","자연과학관(330-0)"
"343","학부","2016","2학기","전공","화학교육과","2","유기화학Ⅱ","3","1","0","양성호","월:[2][3]목:[2]","자연과학관(337-0)"
"344","학부","2016","2학기","전공","화학교육과","2","물리화학Ⅱ","3","1","0","송기형","화:[5][6]금:[2][3]","자연과학관(337-0)"
"345","학부","2016","2학기","전공","화학교육과","3","유기분광학","3","1","0","양성호","화:[1][2][3]목:[3]","자연과학관(337-0)"
"346","학부","2016","2학기","전공","화학교육과","4","생분자분석및실험","3","1","0","송기형","수:[10][11][12][13]","자연과학관(337-0)"
"347","학부","2016","2학기","전공","화학교육과","4","화학수업의실제","3","1","0","유선아","목:[10][11][12][13]","자연과학관(330-0)"
"348","학부","2016","2학기","전공","생물교육과","1","일반생물학Ⅱ","3","1","0","김성하","수:[7][8][9]","자연과학관(222-0)"
"349","학부","2016","2학기","전공","생물교육과","1","일반생물학실험Ⅱ","1","1","0","김성하","목:[8][9]","자연과학관(128-0)"
"350","학부","2016","2학기","전공","생물교육과","2","과학교육론","3","1","0","차희영","수:[1][2][3]","자연과학관(222-0)"
"351","학부","2016","2학기","전공","생물교육과","2","동물생리학","3","1","0","박시룡","화:[2][3]목:[7][8]","자연과학관(120-0)"
"352","학부","2016","2학기","전공","생물교육과","2","생물화학","3","1","0","김성하","화:[5][6]수:[5]","자연과학관(120-0)"
"353","학부","2016","2학기","전공","생물교육과","2","미생물학","3","1","30","엄안흠","화:[7][8]목:[5][6]","자연과학관(127-0)자연과학관(120-0)"
"354","학부","2016","2학기","전공","생물교육과","2","야외실습Ⅰ","1","1","0","엄안흠","토:[2][3]","자연과학관(127-0)"
"355","학부","2016","2학기","전공","생물교육과","3","생물교재론","3","1","20","권용주","월:[7][8]화:[2][3]","교육연구관(311-0)자연과학관(128-0)"
"356","학부","2016","2학기","전공","생물교육과","3","유전학","3","1","0","이길재","수:[5][6][7][8]","자연과학관(231-0)"
"357","학부","2016","2학기","전공","생물교육과","3","면역학","3","1","0","박경식","금:[1][2][3][4]","자연과학관(222-0)"
"358","학부","2016","2학기","전공","생물교육과","4","생물학연습II","3","1","0","권영식","목:[10][11][12]","자연과학관(222-0)"
"359","학부","2016","2학기","전공","지구과학교육과","1","지구과학Ⅱ","3","1","0","손정주","목:[6][7][8]","자연과학관(206-0)"
"360","학부","2016","2학기","전공","지구과학교육과","1","지구과학실험Ⅱ","1","1","0","경재복","수:[7][8]","자연과학관(206-0)"
"361","학부","2016","2학기","전공","지구과학교육과","2","천문학","3","1","0","손정주","월:[5][6][7]","자연과학관(308-0)"
"362","학부","2016","2학기","전공","지구과학교육과","2","해양학Ⅰ","3","1","0","경재복","목:[2][3][4]","자연과학관(308-0)"
"363","학부","2016","2학기","전공","지구과학교육과","2","암석학","3","1","0","위수민","화:[1][2][3]","자연과학관(206-0)"
"364","학부","2016","2학기","전공","지구과학교육과","3","지구과학교육론","3","1","0","정진우","월:[8][9][10]","자연과학관(107-0)"
"365","학부","2016","2학기","전공","지구과학교육과","3","지구과학교재연구","3","1","0","임성만","월:[2][3]수:[5][6]","자연과학관(203-0)"
"366","학부","2016","2학기","전공","지구과학교육과","3","지구물리학Ⅰ","3","1","0","경재복","화:[6][7]수:[2][3]","자연과학관(308-0)"
"367","학부","2016","2학기","전공","지구과학교육과","3","층서학및실험","3","1","0","김정률","월:[8][9]목:[5][6][7]","자연과학관(119-0)"
"368","학부","2016","2학기","전공","지구과학교육과","3","대기과학및실험","2","1","0","김학성","목:[1][2][3][4]","자연과학관(206-0)"
"369","학부","2016","2학기","전공","지구과학교육과","3","항성과항성계","3","1","0","손정주","화:[8][9]수:[7][8]","자연과학관(308-0)"
"370","학부","2016","2학기","전공","지구과학교육과","4","지구과학논술","3","1","0","정진우","월:[5][6][7]","자연과학관(107-0)"
"371","학부","2016","2학기","전공","지구과학교육과","4","자연재해와에너지자원","3","1","20","위수민","수:[7][8][9]","자연과학관(203-0)"
"372","학부","2016","2학기","전공","가정교육과","1","영양학","3","1","0","김영남","월:[8]수:[1][2]","응용과학관(318-0)"
"373","학부","2016","2학기","전공","가정교육과","1","의류재료학","3","1","0","심현섭","월:[5][6][7]","응용과학관(317-0)"
"374","학부","2016","2학기","전공","가정교육과","1","인간발달","3","1","0","최새은","수:[5][6][7]","응용과학관(317-0)"
"375","학부","2016","2학기","전공","가정교육과","2","가정과교육론","3","1","0","채정현","화:[6][7][8]","응용과학관(318-0)"
"376","학부","2016","2학기","전공","가정교육과","2","가정생활과복지","3","1","0","최새은","목:[5][6][7]","응용과학관(317-0)"
"377","학부","2016","2학기","전공","가정교육과","2","피복관리학","3","1","0","심현섭","화:[2][3]수:[0]","응용과학관(317-0)"
"378","학부","2016","2학기","전공","가정교육과","2","주택실내디자인","3","1","0","조재순","월:[5][6][7][8]","응용과학관(302-0)"
"379","학부","2016","2학기","전공","가정교육과","2","음식문화와실습","3","1","0","채정현","월:[0]목:[2][3][4]","응용과학관(323-0)"
"380","학부","2016","2학기","전공","가정교육과","3","가정교재및연구법","3","1","0","채정현","수:[1][2][3][4]","응용과학관(317-0)"
"381","학부","2016","2학기","전공","가정교육과","3","가정자원관리학","3","1","0","정운영","화:[6][7][8][9]","응용과학관(317-0)"
"382","학부","2016","2학기","전공","가정교육과","3","식생활관리","3","1","0","김영남","화:[1][2]목:[0][1]","응용과학관(318-0)"
"383","학부","2016","2학기","전공","컴퓨터교육과","1","데이터베이스","3","1","24","김태영","수:[1][2][3]","융합과학관(520-0)"
"384","학부","2016","2학기","전공","컴퓨터교육과","1","정보통신윤리","3","1","20","김성식","화:[11][12][13]","교육연구관(211-0)"
"385","학부","2016","2학기","전공","컴퓨터교육과","2","정보교과교재연구","3","1","30","이태욱","수:[7][8][9]","융합과학관(525-0)"
"386","학부","2016","2학기","전공","컴퓨터교육과","2","컴퓨터네트워크","3","1","24","김태영","목:[1][2][3]","융합과학관(525-0)"
"387","학부","2016","2학기","전공","컴퓨터교육과","2","컴퓨터구조","3","1","30","김영식","화:[0]수:[0]목:[0]","융합과학관(525-0)"
"388","학부","2016","2학기","전공","컴퓨터교육과","3,4","알고리즘","3","1","30","이영준","수:[1][2][3][4]","융합과학관(525-0)"
"389","학부","2016","2학기","전공","컴퓨터교육과","3,4","소프트웨어공학","3","1","30","이영준","화:[6][7][8][9]","융합과학관(525-0)"
"390","학부","2016","2학기","전공","기술교육과","1","열유체역학","3","1","0","최준섭","금:[5][6][7]","융합과학관(201-0)"
"391","학부","2016","2학기","전공","기술교육과","1","제도와설계","3","1","21","이경택","월:[6][7][8][9]","융합과학관(314-0)"
"392","학부","2016","2학기","전공","기술교육과","1","제도와설계","3","2","20","이경택","목:[5][6][7][8]","융합과학관(314-0)"
"393","학부","2016","2학기","전공","기술교육과","1","컴퓨터실습","3","1","30","이용진","월:[2][3]수:[6][7]","융합과학관(314-0)"
"394","학부","2016","2학기","전공","기술교육과","1","공업역학","2","1","35","이경택","수:[2][3]","융합과학관(204-0)"
"395","학부","2016","2학기","전공","기술교육과","2","기술교과교육과정및시설","3","1","0","이상봉","월:[6][7][8]","융합과학관(201-0)"
"396","학부","2016","2학기","전공","기술교육과","2","건축기술","3","1","0","유현석","수:[1][2][3]","융합과학관(205-0)"
"397","학부","2016","2학기","전공","기술교육과","3","전자통신기술","3","1","0","김진수","화:[2][3]수:[2][3]","융합과학관(201-0)"
"398","학부","2016","2학기","전공","기술교육과","3","건축실습","3","1","24","유현석","월:[0]금:[5][6][7][8]","융합과학관(315-0)"
"399","학부","2016","2학기","전공","기술교육과","3","정보통신응용","3","1","20","이용진","화:[6][7]목:[2][3]","융합과학관(314-0)"
"400","학부","2016","2학기","전공","기술교육과","4","기술논술","3","1","0","이상봉","수:[6][7]금:[1]","융합과학관(201-0)"
"401","학부","2016","2학기","전공","기술교육과","4","열기관","3","1","0","최준섭","화:[5][6][7]","융합과학관(201-0)"
"402","학부","2016","2학기","전공","기술교육과","4","기계기술응용","2","1","0","이경택","화:[2][3]목:[3]","융합과학관(204-0)"
"403","학부","2016","2학기","전공","환경교육과","1","대기오염론","3","1","0","문윤섭","월:[3][4]수:[1]","융합과학관(417-0)"
"404","학부","2016","2학기","전공","환경교육과","1","생물환경론","3","1","0","김기대","월:[9]화:[3]목:[6]","융합과학관(414-0)"
"405","학부","2016","2학기","전공","환경교육과","1","수질분석및실험Ⅰ","3","1","0","이재붕","화:[11][12]수:[11][12]","융합과학관(410-0)융합과학관(419-0)"
"406","학부","2016","2학기","전공","환경교육과","2","수질오염론","3","1","0","이두곤","월:[6][7]수:[3]","융합과학관(410-0)"
"407","학부","2016","2학기","전공","환경교육과","2","환경생태학및실험Ⅰ","3","1","0","김기대","수:[6][7][8][9]","융합과학관(414-0)"
"408","학부","2016","2학기","전공","환경교육과","2","환경영향평가론","3","1","0","남영숙","목:[1][2][3]","융합과학관(409-0)"
"409","학부","2016","2학기","전공","환경교육과","3,4","환경교육과정및교재론","3","1","0","김찬국","화:[6][7]목:[6][7]","융합과학관(412-0)"
"410","학부","2016","2학기","전공","환경교육과","3,4","해양환경론","3","1","0","이두곤","수:[6][7]금:[6][7]","융합과학관(410-0)"
"411","학부","2016","2학기","전공","환경교육과","3,4","환경통계및정보시스템","3","1","0","문윤섭","화:[1]목:[1][2][3]","융합과학관(417-0)"
"412","학부","2016","2학기","전공","환경교육과","3,4","지속가능발전론","3","1","0","남영숙","화:[12][13]수:[0]목:[0]","융합과학관(409-0)"
"413","학부","2016","2학기","전공","공통과학교육전공","1","기본물리학및실험II","3","1","30","류광수","월:[7][8]수:[5][6]","자연과학관(406-0)자연과학관(441-0)"
"414","학부","2016","2학기","전공","공통과학교육전공","1","기본물리학및실험II","3","2","30","김현주","화:[5][6]목:[1][2]","자연과학관(441-0)자연과학관(406-0)"
"415","학부","2016","2학기","전공","공통과학교육전공","1","기본물리학및실험II","3","3","30","김상년","월:[5][6]화:[5][6]","자연과학관(440-0)자연과학관(406-0)"
"416","학부","2016","2학기","전공","공통과학교육전공","1","기본화학및실험II","3","1","24","송기형","월:[2][3]금:[5][6]","자연과학관(335-0)자연과학관(337-0)"
"417","학부","2016","2학기","전공","공통과학교육전공","1","기본화학및실험II","3","2","24","신현철","화:[7][8]수:[5][6]","자연과학관(335-0)융합과학관(205-0)"
"418","학부","2016","2학기","전공","공통과학교육전공","1","기본화학및실험II","3","3","24","양성호","수:[2][3][5][6]","자연과학관(337-0)자연과학관(335-0)"
"419","학부","2016","2학기","전공","공통과학교육전공","1","기본생물학및실험II","3","1","33","윤종민","월:[8][9]수:[6][7]","자연과학관(222-0)자연과학관(128-0)"
"420","학부","2016","2학기","전공","공통과학교육전공","1","기본생물학및실험II","3","2","33","윤종민","화:[8][9]목:[6][7]","자연과학관(222-0)자연과학관(128-0)"
"421","학부","2016","2학기","전공","공통과학교육전공","1","기본지구과학및실험II","3","1","20","손정주","화:[2][3][5][6]","자연과학관(234-0)자연과학관(206-0)"
"422","학부","2016","2학기","전공","공통과학교육전공","1","기본지구과학및실험II","3","2","20","김정률","월:[5][6]화:[2][3]","자연과학관(206-0)자연과학관(203-0)"
"423","학부","2016","2학기","전공","공통과학교육전공","1","기본지구과학및실험II","3","3","20","김학성","월:[8][9]화:[2][3]","자연과학관(206-0)자연과학관(308-0)"
"424","학부","2016","2학기","전공","음악교육과","1","음악전공실기Ⅱ","1","3","0","전미영","금:[8][9][10]","음악관(205-0)"
"425","학부","2016","2학기","전공","음악교육과","1","음악전공실기Ⅱ","1","4","0","임리라","월:[11][12]","음악관(208-0)"
"426","학부","2016","2학기","전공","음악교육과","1","음악전공실기Ⅱ","1","5","0","변미혜","월:[13]","음악관(206-0)"
"427","학부","2016","2학기","전공","음악교육과","1","음악전공실기Ⅱ","1","6","0","고영신","화:[12][13]","음악관(307-0)"
"428","학부","2016","2학기","전공","음악교육과","1","음악전공실기Ⅱ","1","7","0","고영신","화:[0][1]","음악관(307-0)"
"429","학부","2016","2학기","전공","음악교육과","1","음악전공실기Ⅱ","1","8","0","고미현","목:[1]","음악관(210-0)"
"430","학부","2016","2학기","전공","음악교육과","1","합창Ⅱ","1","1","0","고미현","수:[10][11]","음악관(003-0)"
"431","학부","2016","2학기","전공","음악교육과","1","국악개론Ⅱ","2","1","0","변미혜","목:[2][3]","음악관(201-0)"
"432","학부","2016","2학기","전공","음악교육과","1","음악이론Ⅱ","2","1","0","고영신","화:[8][9]","음악관(204-0)"
"433","학부","2016","2학기","전공","음악교육과","1","연주Ⅱ","0","1","0","손민정","수:[8]","음악관(003-0)"
"434","학부","2016","2학기","전공","음악교육과","1","시창·청음Ⅱ","1","1","0","손민정","화:[2][3]","음악관(204-0)"
"435","학부","2016","2학기","전공","음악교육과","1","피아노실기Ⅱ","1","1","0","최재원","수:[3][4]","음악관(101-0)"
"436","학부","2016","2학기","전공","음악교육과","1","성악실기Ⅱ","1","1","0","강진모","화:[6][7]","음악관(110-0)"
"437","학부","2016","2학기","전공","음악교육과","1","지휘법","1","1","0","강진모","화:[4][5]","음악관(105-0)"
"438","학부","2016","2학기","전공","음악교육과","1","악기론","2","1","0","손민정","수:[6][7]","음악관(204-0)"
"439","학부","2016","2학기","전공","음악교육과","2","음악교육방법론","3","1","0","민경훈","금:[1][2][3]","음악관(201-0)"
"440","학부","2016","2학기","전공","음악교육과","2","음악전공실기Ⅳ","1","1","0","전미영","금:[11][12][13]","음악관(205-0)"
"441","학부","2016","2학기","전공","음악교육과","2","음악전공실기Ⅳ","1","2","0","임리라","금:[11][12][13]","음악관(208-0)"
"442","학부","2016","2학기","전공","음악교육과","2","음악전공실기Ⅳ","1","3","0","고영신","목:[11][12][13]","음악관(307-0)"
"443","학부","2016","2학기","전공","음악교육과","2","음악전공실기Ⅳ","1","4","0","고영신","월:[0]","음악관(307-0)"
"444","학부","2016","2학기","전공","음악교육과","2","음악전공실기Ⅳ","1","5","0","최진","수:[12][13]","음악관(225-0)"
"445","학부","2016","2학기","전공","음악교육과","2","음악전공실기Ⅳ","1","6","0","고미현","월:[12][13]","음악관(210-0)"
"446","학부","2016","2학기","전공","음악교육과","2","국악실기Ⅱ","1","1","0","이수은","화:[1][2]","음악관(106-0)"
"447","학부","2016","2학기","전공","음악교육과","2","한국음악사Ⅰ","2","1","0","장희선","수:[6][7]","음악관(201-0)"
"448","학부","2016","2학기","전공","음악교육과","2","교실악기Ⅳ","1","1","0","이원복","화:[3][4]","음악관(110-0)"
"449","학부","2016","2학기","전공","음악교육과","2","컴퓨터와음악교육","2","1","0","남상봉","목:[2][3]","음악관(307-0)"
"450","학부","2016","2학기","전공","음악교육과","2","화성학실습Ⅱ","2","1","0","고영신","화:[6][7]","음악관(204-0)"
"451","학부","2016","2학기","전공","음악교육과","2","합창Ⅳ","1","1","0","고미현","수:[10][11]","음악관(003-0)"
"452","학부","2016","2학기","전공","음악교육과","2","연주Ⅳ","0","1","0","손민정","수:[8]","음악관(003-0)"
"453","학부","2016","2학기","전공","음악교육과","2","시창·청음Ⅳ","1","1","0","손민정","화:[8][9]","음악관(110-0)"
"454","학부","2016","2학기","전공","음악교육과","2","전통음악가창론Ⅱ","2","1","0","이오규","목:[7][8]","음악관(104-0)"
"455","학부","2016","2학기","전공","음악교육과","2","피아노실기Ⅳ","1","1","0","최재원","금:[5][6]","음악관(101-0)"
"456","학부","2016","2학기","전공","음악교육과","3","음악(국악)교수법","3","1","0","변미혜","화:[2][3]수:[2][3]","음악관(309-0)음악관(201-0)"
"457","학부","2016","2학기","전공","음악교육과","3","음악분석및형식론","2","1","0","남상봉","목:[5][6][7]","음악관(204-0)"
"458","학부","2016","2학기","전공","음악교육과","3","서양음악사Ⅱ","2","1","0","손민정","목:[1][2][3]","음악관(204-0)"
"459","학부","2016","2학기","전공","음악교육과","3","응용화성Ⅱ","2","1","0","남상봉","목:[8][9][10]","음악관(204-0)"
"460","학부","2016","2학기","전공","음악교육과","3","음악전공실기Ⅵ","1","1","0","전미영","목:[12][13]","음악관(205-0)"
"461","학부","2016","2학기","전공","음악교육과","3","음악전공실기Ⅵ","1","2","0","임리라","수:[0][12][13]","음악관(208-0)"
"462","학부","2016","2학기","전공","음악교육과","3","음악전공실기Ⅵ","1","3","0","고영신","월:[11][12][13]","음악관(307-0)"
"463","학부","2016","2학기","전공","음악교육과","3","음악전공실기Ⅵ","1","4","0","고미현","수:[0][12][13]","음악관(326-0)"
"464","학부","2016","2학기","전공","음악교육과","3","음악전공실기Ⅵ","1","5","0","허정인","월:[13]","음악관(327-0)"
"465","학부","2016","2학기","전공","음악교육과","3","합창Ⅵ","1","1","0","고미현","수:[10][11]","음악관(003-0)"
"466","학부","2016","2학기","전공","음악교육과","3","연주Ⅵ","0","1","0","손민정","수:[8]","음악관(003-0)"
"467","학부","2016","2학기","전공","음악교육과","3","국악실기Ⅳ","1","1","0","이수은","금:[7][8][9]","음악관(106-0)"
"468","학부","2016","2학기","전공","음악교육과","3","피아노앙상블II","2","1","0","전미영","금:[5][6][7]","음악관(309-0)"
"469","학부","2016","2학기","전공","음악교육과","3","범창범주지도법","2","1","0","임리라","수:[5][6][7]","음악관(309-0)"
"470","학부","2016","2학기","전공","음악교육과","4","장구반주법Ⅱ","2","1","0","임용남","월:[8][9]","음악관(106-0)"
"471","학부","2016","2학기","전공","음악교육과","4","전통음악가창지도법","2","1","0","최진","월:[5][6][7]","음악관(104-0)"
"472","학부","2016","2학기","전공","미술교육과","1","소묘","2","1","0","남재현","수:[6][7][8]","미술관(210-0)"
"473","학부","2016","2학기","전공","미술교육과","1","한국미술사","3","1","0","정은영","화:[10]수:[1][2]","미술관(108-0)미술관(202-0)"
"474","학부","2016","2학기","전공","미술교육과","1","서예","2","1","0","한승훈","수:[10][11][12]","미술관(112-0)"
"475","학부","2016","2학기","전공","미술교육과","1","평면조형실습Ⅱ","2","1","0","김지훈","목:[9][10][11]","미술관(112-0)"
"476","학부","2016","2학기","전공","미술교육과","1","입체조형실습Ⅱ","2","1","0","김신애","목:[5][6][7]","미술관(106-0)"
"477","학부","2016","2학기","전공","미술교육과","2","미술교육론★","3","1","0","박상돈","월:[5][6][7]","미술관(202-0)"
"478","학부","2016","2학기","전공","미술교육과","2","미술과논술★","3","1","0","정현일","화:[1][2][3]","미술관(314-0)"
"479","학부","2016","2학기","전공","미술교육과","2","기초서양화","2","1","0","김종숙","화:[6][7][8]","미술관(312-0)"
"480","학부","2016","2학기","전공","미술교육과","2","기초디자인","2","1","0","최정아","금:[2][3][4]","미술관(106-0)"
"481","학부","2016","2학기","전공","미술교육과","2","디자인론","3","1","0","최정아","화:[0]목:[2][3]","미술관(314-0)"
"482","학부","2016","2학기","전공","미술교육과","3","동양미술사","3","1","0","조인호","수:[6][7][8][9]","미술관(314-0)"
"483","학부","2016","2학기","전공","미술교육과","4","미술수업개발Ⅰ","3","1","0","성정원","월:[6][7][8]","미술관(314-0)"
"484","학부","2016","2학기","전공","미술교육과","4","미술수업개발Ⅱ","3","1","0","최철","화:[10][11][12]","미술관(202-0)"
"485","학부","2016","2학기","전공","미술교육과","3,4","미술교재론","3","1","0","정현일","수:[1][2][3][4]","미술관(314-0)"
"486","학부","2016","2학기","전공","미술교육과","3,4","한국화Ⅱ","2","1","0","조인호","화:[5][6][7][8]","미술관(109-0)"
"487","학부","2016","2학기","전공","미술교육과","3,4","서양화Ⅱ","2","1","0","최철","월:[9]화:[6][7][8]","미술관(207-0)"
"488","학부","2016","2학기","전공","미술교육과","3,4","조소Ⅱ","2","1","0","송준호","목:[5][6][7][8]","미술관(116-0)"
"489","학부","2016","2학기","전공","미술교육과","3,4","디자인Ⅱ","2","1","0","윤나리","화:[5][6][7][8]","미술관(211-0)"
"490","학부","2016","2학기","전공","미술교육과","3,4","한국화Ⅳ","2","1","0","서기환","목:[5][6][7][8]","미술관(109-0)"
"491","학부","2016","2학기","전공","미술교육과","3,4","서양화Ⅳ","2","1","0","최철","목:[5][6][7][8]","미술관(207-0)"
"492","학부","2016","2학기","전공","미술교육과","3,4","조소Ⅳ","2","1","0","성정원","화:[5][6][7][8]","미술관(116-0)"
"493","학부","2016","2학기","전공","미술교육과","3,4","디자인Ⅳ","2","1","0","최정아","목:[5][6][7][8]","미술관(211-0)"
"494","학부","2016","2학기","전공","체육교육과","1","체육철학","3","1","0","임영무","화:[1][2][3]","체육관(105-0)"
"495","학부","2016","2학기","전공","체육교육과","1","축구실기및지도법Ⅰ","1","1","0","박대원","목:[7][8]","체육관(107-0)"
"496","학부","2016","2학기","전공","체육교육과","1","농구실기및지도법Ⅰ","1","1","0","안수운","금:[2][3]","체육관(111-0)"
"497","학부","2016","2학기","전공","체육교육과","1","태권도실기및지도법","1","1","0","이정진","목:[1][2]","체육관(106-0)"
"498","학부","2016","2학기","전공","체육교육과","1","체육통계","3","1","0","김혜진","월:[1][2][3]","체육관(305-0)"
"499","학부","2016","2학기","전공","체육교육과","1","소프트볼실기및지도법","1","1","0","안수운","목:[5][6]","체육관(107-0)"
"500","학부","2016","2학기","전공","체육교육과","1","뉴스포츠실기및지도법","1","1","0","김기운","수:[1][2]","체육관(111-0)"
"501","학부","2016","2학기","전공","체육교육과","1","스노우보드실기및지도법","1","1","0","정구인","월:[12][13]","체육관(305-0)"
"502","학부","2016","2학기","전공","체육교육과","2","운동처방","3","1","0","김경래","수:[1][2][3]","체육관(305-0)"
"503","학부","2016","2학기","전공","체육교육과","2","육상실기및지도법Ⅱ","1","1","0","김경래","수:[5][6]","체육관(111-0)"
"504","학부","2016","2학기","전공","체육교육과","2","체조실기및지도법Ⅱ","1","1","0","정구인","화:[7][8]","체육관(111-0)"
"505","학부","2016","2학기","전공","체육교육과","2","배구실기및지도법Ⅰ","1","1","0","조종희","목:[8][9]","체육관(111-0)"
"506","학부","2016","2학기","전공","체육교육과","2","테니스실기및지도법Ⅱ","1","1","0","김혜진","수:[7][8]","체육관(304-0)"
"507","학부","2016","2학기","전공","체육교육과","2","스키실기및지도법Ⅰ","1","1","0","김진필","월:[12][13]","체육관(106-0)"
"508","학부","2016","2학기","전공","체육교육과","3","체육교재론","3","1","0","박대원","목:[0][4][5][6]","체육관(105-0)"
"509","학부","2016","2학기","전공","체육교육과","3","운동학습","3","1","0","정구인","월:[0]수:[5][6][7]","체육관(305-0)"
"510","학부","2016","2학기","전공","체육교육과","3","체조실기및지도법Ⅲ","1","1","0","정구인","화:[9][10]","체육관(111-0)"
"511","학부","2016","2학기","전공","체육교육과","3","볼링실기및지도법","1","1","0","이지환","수:[8][9]","체육관(105-0)"
"512","학부","2016","2학기","전공","체육교육과","4","배드민턴실기및지도법Ⅱ","1","1","0","안수운","수:[7][8]","체육관(111-0)"
